city,lon,lat,temperature,humidity,cloudiness,wind speed
longyearbyen,15.63,78.22,46.4,81.0,75.0,4.7
kapaa,-159.32,22.08,84.2,83.0,75.0,11.41
santa rosa,-64.29,-36.62,34.04,57.0,0.0,5.19
mataura,168.86,-46.19,44.48,93.0,20.0,7.99
puerto ayora,-90.35,-0.74,75.2,69.0,90.0,16.11
boa vista,-60.67,2.82,77.0,94.0,20.0,3.36
manta,24.1,45.1,61.31,99.0,92.0,2.73
veinticinco de mayo,-54.75,-27.38,55.82,90.0,92.0,10.45
vaini,74.49,15.34,70.58,98.0,92.0,6.98
port alfred,26.89,-33.59,70.94,56.0,20.0,11.68
toora-khem,96.11,52.47,58.43,86.0,20.0,2.17
namibe,12.15,-15.19,66.98,98.0,0.0,12.46
kalmunai,81.82,7.42,74.18,99.0,0.0,2.62
hermanus,19.24,-34.42,64.1,49.0,20.0,5.53
upernavik,-56.15,72.79,40.07,92.0,80.0,11.9
rikitea,-134.97,-23.12,74.18,100.0,92.0,17.27
karratha,116.85,-20.74,59.06,46.0,0.0,4.63
yulara,130.99,-25.24,68.0,30.0,90.0,11.41
aksu,76.93,52.04,51.8,93.0,75.0,12.8
severo-yeniseyskiy,93.04,60.37,55.19,98.0,92.0,2.95
cherskiy,161.3,68.75,71.21,36.0,76.0,10.0
albany,-73.75,42.65,78.8,74.0,75.0,6.93
lebu,38.73,8.96,57.2,93.0,75.0,4.7
saint-philippe,-73.48,45.36,78.8,88.0,1.0,5.82
georgetown,-58.16,6.8,78.8,88.0,0.0,4.7
hasaki,140.83,35.73,84.2,83.0,40.0,4.7
sur,59.53,22.57,88.4,83.0,64.0,7.99
norman wells,-126.83,65.28,82.4,34.0,20.0,10.29
meulaboh,96.13,4.14,78.32,100.0,68.0,3.18
ilulissat,-51.1,69.22,50.0,61.0,75.0,16.11
diffa,12.61,13.32,81.92,64.0,0.0,11.45
merrill,-121.6,42.03,91.4,22.0,1.0,4.7
ushuaia,-68.31,-54.81,42.8,92.0,20.0,18.95
cidreira,-50.22,-30.17,52.67,100.0,100.0,8.66
saskylakh,114.09,71.97,36.65,78.0,56.0,6.64
khatanga,102.47,71.98,45.38,76.0,0.0,3.96
honningsvag,25.97,70.98,53.12,90.0,20.0,5.53
yellowknife,-114.38,62.45,68.0,45.0,40.0,9.17
punta arenas,-70.91,-53.16,44.6,70.0,0.0,34.45
jamestown,138.6,-33.21,53.57,62.0,0.0,14.81
dikson,80.55,73.51,47.63,89.0,100.0,21.07
kodiak,-94.76,39.95,84.2,51.0,1.0,8.05
ostrovnoy,39.51,68.05,68.78,72.0,24.0,12.68
new norfolk,147.06,-42.78,55.4,47.0,75.0,16.11
berlevag,29.09,70.86,52.58,94.0,88.0,5.64
gunjur,-16.76,13.18,78.8,83.0,75.0,5.82
nivala,24.96,63.93,61.49,91.0,0.0,2.39
nakamura,136.87,35.17,89.6,62.0,75.0,5.82
mar del plata,-67.52,-46.43,47.63,58.0,0.0,14.7
busselton,115.35,-33.64,62.3,100.0,92.0,14.47
butaritari,172.79,3.07,83.09,100.0,32.0,6.76
sitka,-99.65,37.17,92.36,41.0,32.0,8.55
katangli,143.23,51.71,51.77,95.0,64.0,5.19
narsaq,-46.05,60.91,50.0,61.0,12.0,6.93
itarema,-39.92,-2.92,81.02,63.0,0.0,14.92
thinadhoo,72.93,0.53,78.68,100.0,92.0,21.52
bima,118.73,-8.45,74.09,91.0,0.0,4.52
lokosovo,74.84,61.13,62.93,65.0,0.0,8.66
tiarei,-149.33,-17.53,82.4,65.0,20.0,8.05
cap malheureux,57.61,-19.98,71.6,60.0,75.0,19.46
san gabriel,-118.11,34.1,107.6,33.0,1.0,12.75
okha,142.95,53.59,59.15,89.0,8.0,8.21
shingu,135.99,33.72,87.8,70.0,75.0,9.17
hami,93.51,42.84,74.18,39.0,24.0,6.64
hokitika,170.96,-42.72,48.08,100.0,0.0,6.42
arraial do cabo,-42.02,-22.97,70.85,96.0,44.0,14.25
avarua,-159.78,-21.21,78.8,69.0,75.0,5.82
warmbad,13.08,50.67,64.4,87.0,0.0,1.12
bredasdorp,20.04,-34.53,48.2,87.0,24.0,5.82
paralimni,23.67,40.99,63.83,97.0,20.0,2.28
uzhur,89.85,55.32,62.12,96.0,92.0,5.41
tasiilaq,-37.64,65.61,46.4,52.0,0.0,8.05
arman,150.17,59.7,75.2,47.0,32.0,4.47
sydney,151.22,-33.85,69.8,19.0,0.0,10.29
pevek,170.27,69.7,60.32,60.0,56.0,20.51
benghazi,20.07,32.12,84.2,21.0,0.0,9.17
leningradskiy,178.42,69.38,54.65,58.0,36.0,8.43
vao,26.19,59.1,59.6,89.0,0.0,2.28
casper,-106.31,42.87,82.4,37.0,1.0,8.05
bambous virieux,57.76,-20.34,71.6,60.0,75.0,19.46
aykhal,111.51,65.95,54.92,59.0,64.0,3.96
alofi,-169.92,-19.06,77.06,99.0,68.0,6.98
south river,-53.27,47.54,64.4,100.0,90.0,12.75
chimbote,-78.59,-9.08,64.82,90.0,0.0,5.86
dudinka,86.18,69.41,48.35,52.0,0.0,14.81
siddipet,78.85,18.1,74.18,80.0,8.0,12.01
samarai,150.67,-10.62,78.5,98.0,76.0,16.71
qaanaaq,-69.36,77.48,35.03,100.0,24.0,3.4
tura,90.21,25.52,74.72,99.0,92.0,3.18
fairbanks,-147.72,64.84,84.2,25.0,1.0,3.36
privas,4.6,44.74,64.01,66.0,0.0,3.18
coihaique,-72.07,-45.58,42.8,70.0,75.0,8.05
constitucion,-104.67,23.99,89.6,31.0,75.0,6.93
lasa,32.53,34.92,78.8,64.0,0.0,4.7
college,-147.8,64.86,84.2,25.0,1.0,8.05
provideniya,-173.23,64.42,53.6,87.0,90.0,6.71
ponta do sol,-46.0,-20.63,59.15,64.0,0.0,4.85
green valley,-89.64,40.41,82.4,69.0,1.0,8.66
kangalassy,129.97,62.35,53.6,87.0,90.0,4.47
ribeira grande,-28.7,38.52,71.3,100.0,44.0,16.04
carnarvon,22.13,-30.97,48.44,56.0,8.0,11.34
nador,-2.93,35.17,73.4,88.0,68.0,3.36
victoria,115.24,5.28,84.2,89.0,75.0,1.12
olga,-118.17,34.11,107.6,36.0,1.0,10.29
sampit,112.95,-2.54,76.52,86.0,0.0,5.19
hilo,-155.08,19.71,82.4,69.0,90.0,5.82
souillac,-0.6,45.6,68.0,77.0,0.0,4.63
colares,-9.45,38.8,64.4,88.0,40.0,4.7
port elizabeth,-74.98,39.31,80.6,83.0,75.0,10.29
acapulco,-99.88,16.86,86.0,79.0,75.0,9.17
clyde river,-68.59,70.47,35.6,83.0,90.0,43.62
san jose de rio tinto,-85.7,14.93,80.6,69.0,20.0,3.36
san quintin,120.52,17.54,82.4,83.0,75.0,6.93
lavrentiya,-170.99,65.58,45.92,92.0,64.0,4.85
amboasary,46.38,-25.04,66.2,88.0,40.0,11.41
guatire,-66.54,10.47,76.61,75.0,48.0,2.28
bluff,149.07,-23.58,64.73,71.0,0.0,4.63
mount isa,139.49,-20.73,77.0,12.0,0.0,4.7
henties bay,14.28,-22.12,60.95,79.0,0.0,0.83
nanortalik,-45.24,60.14,39.8,95.0,0.0,3.74
mehamn,27.85,71.03,52.85,90.0,32.0,5.3
thompson,-97.86,55.74,62.6,93.0,90.0,8.05
batagay,134.64,67.65,55.55,91.0,20.0,6.53
airai,125.41,-8.93,69.41,53.0,0.0,2.39
safford,-109.71,32.83,105.8,14.0,1.0,14.99
ladario,-7.74,40.7,56.63,97.0,8.0,2.51
harrismith,29.13,-28.27,28.28,60.0,0.0,3.29
khuzdar,66.62,27.8,64.73,86.0,0.0,1.95
caravelas,-39.27,-17.73,75.71,100.0,8.0,15.03
richards bay,32.06,-28.77,62.84,78.0,0.0,12.46
geraldton,-86.95,49.72,78.8,57.0,75.0,2.24
cockburn town,-71.14,21.46,82.37,98.0,8.0,19.84
pimentel,-45.5,-3.7,78.05,73.0,8.0,4.29
anadyr,177.51,64.73,55.4,87.0,75.0,11.18
isangel,169.27,-19.55,71.57,100.0,0.0,13.47
carlagan,122.05,14.97,82.64,98.0,88.0,7.2
sibu,111.83,2.29,78.8,88.0,75.0,5.82
rosh pinna,35.54,32.97,63.83,89.0,20.0,2.62
srednekolymsk,153.71,67.46,67.25,70.0,68.0,3.29
zverinogolovskoye,64.85,54.46,62.75,81.0,36.0,13.47
byron bay,153.62,-28.65,69.8,46.0,0.0,12.75
severo-kurilsk,156.12,50.68,52.94,96.0,88.0,9.44
lensk,114.91,60.71,51.05,94.0,64.0,5.53
puerto leguizamo,-74.78,-0.19,76.43,88.0,20.0,2.39
saint george,22.34,39.45,69.8,64.0,75.0,9.17
westport,-9.52,53.8,57.08,95.0,88.0,7.76
cape town,18.42,-33.93,50.0,93.0,0.0,9.17
aasiaat,-52.87,68.71,44.03,89.0,92.0,10.45
castro,-73.76,-42.48,38.0,100.0,0.0,3.4
torbay,-52.73,47.66,64.4,100.0,90.0,12.75
manbij,37.96,36.53,71.6,56.0,0.0,3.36
mahebourg,57.7,-20.41,71.6,60.0,75.0,19.46
luganville,167.18,-15.51,74.0,100.0,100.0,11.34
baykit,96.39,61.68,54.2,97.0,88.0,5.41
mezen,44.24,65.85,70.67,50.0,0.0,6.42
dullewala,71.44,31.84,75.17,98.0,92.0,10.0
kotelnich,48.34,58.31,58.61,85.0,92.0,2.62
providencia,-77.6,1.24,55.91,70.0,0.0,2.17
longyan,117.03,25.1,75.8,91.0,64.0,2.51
dire dawa,41.86,9.59,66.35,56.0,12.0,9.22
hobart,147.33,-42.88,55.4,47.0,75.0,16.11
sirvintos,24.95,55.05,68.0,93.0,75.0,4.7
atuona,-139.03,-9.8,79.85,100.0,20.0,22.08
margherita,95.67,27.29,78.8,100.0,90.0,2.24
araouane,-3.53,18.9,92.0,24.0,36.0,4.18
kwekwe,29.81,-18.93,51.32,98.0,56.0,7.65
porto walter,-72.74,-8.27,80.84,69.0,0.0,2.06
hovd,10.7,63.83,60.8,87.0,90.0,3.36
beloha,45.06,-25.17,60.86,74.0,0.0,9.89
rawson,-65.11,-43.3,34.85,82.0,0.0,3.74
vardo,-77.74,39.62,80.6,88.0,75.0,3.36
trairi,-39.27,-3.28,80.57,96.0,0.0,22.64
kalininsk,44.48,51.5,66.62,92.0,48.0,13.24
ancud,-73.83,-41.87,36.83,87.0,0.0,4.63
penco,-72.99,-36.74,48.2,81.0,0.0,6.93
hotaka,137.88,36.34,78.8,65.0,20.0,6.93
east london,27.91,-33.02,71.57,89.0,32.0,12.46
barrow,-60.23,-38.31,29.9,77.0,0.0,2.84
portree,-6.19,57.41,55.82,98.0,92.0,9.55
mount gambier,140.78,-37.83,52.94,98.0,92.0,14.14
sao filipe,-24.5,14.9,76.97,96.0,68.0,6.64
nurota,65.69,40.56,75.2,23.0,0.0,13.87
fortuna,-1.13,38.18,71.6,78.0,0.0,4.7
ambovombe,46.09,-25.18,66.17,91.0,24.0,17.38
sabinas hidalgo,-100.18,26.51,99.47,24.0,0.0,9.66
valdivia,-73.25,-39.81,33.8,100.0,0.0,5.97
carutapera,-46.02,-1.2,78.95,89.0,76.0,9.22
ixtapa,-105.21,20.71,86.0,89.0,75.0,8.05
aklavik,-135.01,68.22,84.2,37.0,20.0,10.29
skoghall,13.47,59.32,59.0,93.0,0.0,5.82
tyup,78.36,42.73,47.27,96.0,8.0,1.95
rabo de peixe,-25.58,37.8,69.8,88.0,40.0,5.82
tuktoyaktuk,-133.03,69.44,62.6,88.0,20.0,10.29
simbahan,120.58,6.3,83.72,100.0,44.0,10.67
luderitz,15.16,-26.65,55.73,76.0,8.0,5.3
maceio,-35.74,-9.67,73.4,83.0,0.0,6.93
saint-pierre,4.24,48.95,66.2,72.0,0.0,5.82
tezu,96.16,27.93,68.06,98.0,88.0,0.94
namatanai,152.44,-3.66,81.56,100.0,32.0,15.37
carthage,-94.34,32.16,96.8,33.0,1.0,5.82
linhares,-40.06,-19.38,65.99,90.0,24.0,5.41
lobito,13.55,-12.35,58.25,85.0,0.0,2.17
mattru,-11.83,7.62,74.0,93.0,100.0,3.4
gat,-16.54,14.69,82.4,83.0,76.0,4.7
los llanos de aridane,-17.92,28.66,71.6,78.0,12.0,17.22
kaitangata,169.85,-46.28,44.39,90.0,56.0,8.77
riyadh,46.72,24.63,89.6,13.0,0.0,4.7
conde,-37.61,-11.81,74.0,92.0,12.0,12.35
kukuna,-12.57,8.64,80.6,74.0,75.0,4.7
san cristobal,-78.55,-0.39,55.4,71.0,40.0,13.87
jalalpur jattan,74.21,32.64,74.81,97.0,92.0,7.65
seoul,126.98,37.57,89.6,52.0,0.0,4.7
hithadhoo,73.08,-0.6,77.69,100.0,92.0,9.22
odessa,-102.37,31.85,102.2,10.0,1.0,9.17
tessalit,1.01,20.2,80.3,20.0,12.0,5.97
codrington,153.24,-28.95,59.87,74.0,0.0,3.74
katsuura,134.5,33.93,91.4,70.0,75.0,8.05
hualmay,-77.61,-11.1,61.76,88.0,0.0,4.18
flinders,150.85,-34.58,62.6,70.0,0.0,17.22
khasan,130.64,42.43,76.97,81.0,32.0,2.28
santa cruz,-122.03,36.97,84.2,50.0,1.0,18.34
kupang,123.6,-10.16,82.4,42.0,20.0,10.29
sahbuz,45.57,39.41,68.0,60.0,40.0,4.7
locharbriggs,-3.58,55.1,60.8,100.0,100.0,16.11
beringovskiy,179.32,63.05,56.0,100.0,32.0,6.42
eureka,-124.16,40.8,59.0,82.0,1.0,4.7
great bend,-98.78,38.36,89.6,46.0,1.0,12.75
isabela,122.99,10.2,80.57,88.0,0.0,5.97
pisco,-76.2,-13.71,62.6,82.0,90.0,13.87
aleksandrov gay,48.57,50.14,69.14,56.0,88.0,12.12
astoria,-123.83,46.19,64.4,72.0,1.0,5.82
grindavik,-22.43,63.84,51.8,93.0,0.0,6.93
igarka,86.57,67.47,50.06,58.0,8.0,13.24
giulvaz,20.98,45.55,66.2,93.0,0.0,5.82
nhulunbuy,136.78,-12.18,80.6,61.0,20.0,11.41
polunochnoye,60.43,60.87,61.31,69.0,20.0,5.53
wasilla,-149.44,61.58,69.8,68.0,90.0,4.7
kaeo,173.78,-35.1,54.74,84.0,44.0,4.63
sorland,12.69,67.67,54.47,95.0,80.0,11.01
ahipara,173.16,-35.17,53.39,99.0,44.0,3.96
san patricio,-56.83,-26.98,54.65,80.0,92.0,8.1
ngaoundere,13.58,7.32,65.36,96.0,88.0,4.41
linxia,103.21,35.6,53.12,86.0,0.0,4.07
kavaratti,72.64,10.57,82.64,96.0,92.0,24.76
nalut,10.98,31.86,81.29,37.0,0.0,8.1
roald,6.12,62.58,59.0,100.0,100.0,12.75
basoko,23.61,1.23,71.48,97.0,24.0,2.73
edd,41.69,13.93,82.91,75.0,20.0,3.96
ryotsu,138.43,38.08,84.2,79.0,40.0,9.17
druzhnaya gorka,30.14,59.28,66.2,93.0,0.0,4.52
amga,131.98,60.89,60.32,74.0,80.0,3.62
cuamba,36.54,-14.8,54.02,95.0,0.0,7.09
gagra,40.27,43.29,71.6,78.0,75.0,8.95
flin flon,-101.88,54.77,61.31,94.0,92.0,9.22
aljezur,-8.8,37.31,64.19,99.0,0.0,10.56
port macquarie,152.91,-31.43,68.0,40.0,68.0,5.82
ust-kuyga,135.55,70.0,45.92,68.0,32.0,10.67
marawi,124.29,8.0,73.28,93.0,56.0,3.29
amuntai,115.25,-2.42,74.27,95.0,56.0,0.94
saldanha,-6.55,41.42,62.39,79.0,0.0,3.96
camacupa,17.48,-12.02,45.02,71.0,0.0,5.97
khorixas,14.96,-20.37,52.13,48.0,0.0,6.87
panama,-79.53,8.97,78.8,94.0,40.0,5.82
bandar-e lengeh,54.88,26.56,89.6,84.0,0.0,3.74
eldoret,35.27,0.52,59.0,93.0,75.0,1.12
iqaluit,-68.52,63.75,42.8,60.0,40.0,27.51
shimoda,138.93,34.7,84.2,65.0,75.0,6.93
orchard homes,-114.05,46.86,89.6,14.0,1.0,2.62
soyo,12.37,-6.13,68.78,97.0,92.0,4.52
bluefields,-83.77,12.01,79.58,78.0,92.0,5.08
fuyang,115.81,32.89,87.5,80.0,12.0,4.41
general pico,-63.75,-35.66,31.7,63.0,0.0,3.29
albertville,6.39,45.68,64.4,82.0,0.0,5.82
sao pedro do sul,-54.18,-29.62,51.8,81.0,75.0,10.29
pacific grove,-121.92,36.62,75.2,77.0,75.0,13.87
arroyo grande,-120.59,35.12,93.2,68.0,1.0,19.46
blind river,-82.96,46.19,73.4,83.0,90.0,2.24
chuy,-53.46,-33.69,47.54,83.0,20.0,15.59
hofn,-15.21,64.25,48.53,100.0,92.0,6.42
pangody,74.49,65.85,62.3,30.0,12.0,5.64
lompoc,-120.46,34.64,80.6,47.0,1.0,11.41
kavieng,150.8,-2.57,82.73,100.0,12.0,7.2
vostok,135.83,46.45,70.58,99.0,12.0,2.73
predivinsk,93.44,57.07,59.06,65.0,88.0,6.98
erenhot,111.97,43.65,66.35,95.0,92.0,11.12
rathdrum,-6.23,52.93,59.0,93.0,75.0,8.05
guerrero negro,-114.04,27.97,81.47,60.0,0.0,11.9
cabinda,12.19,-5.56,71.57,99.0,20.0,8.1
chokurdakh,147.9,70.62,45.2,85.0,80.0,17.72
lahat,103.55,-3.78,74.18,88.0,0.0,4.29
faanui,-151.75,-16.48,80.57,98.0,36.0,12.91
osakarovka,72.58,50.56,46.82,99.0,92.0,13.58
santa fe,-60.7,-31.62,39.08,64.0,0.0,6.98
khash,61.21,28.22,82.1,32.0,0.0,9.66
ola,151.3,59.58,75.2,47.0,36.0,4.47
barroquinha,-41.13,-3.02,81.02,71.0,12.0,8.77
dunedin,170.5,-45.87,40.88,100.0,92.0,3.96
husavik,-96.99,50.56,70.94,73.0,36.0,13.8
dandeli,74.62,15.25,70.94,99.0,92.0,2.62
kidal,1.41,18.44,89.57,29.0,44.0,11.45
baijiantan,85.18,45.63,78.95,43.0,88.0,5.19
itupiranga,-49.33,-5.13,77.0,69.0,0.0,2.24
mahajanga,46.32,-15.72,71.6,56.0,0.0,22.41
houma,111.36,35.63,78.23,77.0,32.0,3.18
west lake stevens,-122.1,48.0,89.6,39.0,1.0,12.75
farap,63.61,39.18,82.4,34.0,0.0,16.11
keokuk,-91.39,40.4,82.4,61.0,1.0,5.82
ambanja,48.45,-13.68,60.41,75.0,0.0,3.74
yerbogachen,108.01,61.28,54.47,72.0,0.0,4.29
boa viagem,-39.73,-5.13,76.25,48.0,12.0,5.3
brae,-1.35,60.4,55.4,87.0,80.0,8.05
necochea,-58.74,-38.55,34.85,90.0,0.0,5.19
jaisalmer,70.91,26.91,87.32,56.0,32.0,11.45
birao,22.78,10.3,72.11,96.0,92.0,7.99
khorramshahr,48.18,30.43,87.8,31.0,0.0,4.7
portland,-122.67,45.52,93.2,21.0,75.0,6.93
ust-nera,143.24,64.57,57.71,72.0,64.0,2.62
gorokhovets,42.68,56.21,60.8,82.0,75.0,4.47
nizhniy mamon,40.51,50.19,63.38,93.0,8.0,2.84
muyezerskiy,31.65,63.93,62.75,80.0,8.0,2.39
ashland,-82.64,38.48,75.2,83.0,1.0,6.93
sambava,50.17,-14.27,70.04,100.0,92.0,21.3
te anau,167.72,-45.41,37.91,96.0,32.0,3.06
gornopravdinsk,69.92,60.06,64.37,75.0,0.0,4.85
mayo,-135.9,63.59,84.2,26.0,75.0,3.36
zhigansk,123.37,66.77,56.27,57.0,44.0,7.99
qaqortoq,-46.03,60.72,50.0,61.0,8.0,6.93
nikolskoye,30.79,59.7,66.2,93.0,0.0,2.73
wonthaggi,145.59,-38.6,53.03,71.0,12.0,9.33
port hedland,118.58,-20.31,75.2,50.0,40.0,8.05
luzhou,105.45,28.89,81.83,73.0,20.0,2.28
areia branca,-37.31,-10.76,77.0,78.0,40.0,11.41
high level,-117.13,58.52,66.2,52.0,75.0,4.7
chipinge,32.62,-20.19,56.18,98.0,12.0,5.75
amapa,-87.97,15.09,82.4,94.0,20.0,6.93
atri,13.98,42.58,71.6,73.0,48.0,6.93
simi,-122.87,38.64,95.0,53.0,20.0,12.75
auray,-2.99,47.67,60.8,93.0,0.0,5.82
coquimbo,-71.34,-29.95,50.0,93.0,0.0,5.64
ramhormoz,49.6,31.28,75.71,27.0,12.0,4.97
urengoy,78.37,65.96,53.39,61.0,0.0,8.77
jega,4.38,12.22,71.66,100.0,68.0,8.21
port lincoln,135.86,-34.72,62.3,79.0,44.0,28.79
havre-saint-pierre,-63.6,50.23,59.0,100.0,20.0,8.05
hirara,125.28,24.8,86.0,83.0,40.0,9.17
poum,20.71,41.28,54.92,100.0,80.0,1.95
kahului,-156.47,20.89,91.4,55.0,40.0,17.22
tiksi,128.87,71.64,42.86,79.0,80.0,10.45
bertinoro,12.13,44.15,71.6,93.0,0.0,4.7
chamba,76.12,32.56,61.85,91.0,100.0,1.72
svetlogorsk,59.15,53.14,53.6,81.0,0.0,8.95
itaituba,-55.99,-4.26,79.85,79.0,56.0,1.16
ironton,-82.68,38.54,75.2,83.0,1.0,6.93
shonguy,33.15,68.75,60.8,93.0,75.0,6.71
phalombe,35.65,-15.81,47.72,91.0,12.0,2.39
sechura,-80.82,-5.56,71.48,78.0,0.0,11.45
krasnoarmeysk,38.15,56.12,60.8,93.0,75.0,11.18
fare,-151.02,-16.7,80.39,96.0,44.0,11.12
mahanoro,48.8,-19.9,61.31,100.0,56.0,3.96
kuching,110.34,1.56,80.6,88.0,75.0,6.76
nome,-94.42,30.04,91.4,62.0,1.0,4.7
samfya,29.56,-11.37,55.73,72.0,0.0,12.8
najran,44.22,17.54,86.0,30.0,40.0,8.05
talnakh,88.39,69.49,45.47,68.0,0.0,10.67
vila velha,-38.6,-3.71,80.6,74.0,75.0,13.87
goderich,-81.71,43.74,73.91,83.0,56.0,5.97
tokmak,35.7,47.26,65.54,92.0,20.0,2.95
san andres,122.68,13.32,83.9,99.0,32.0,8.99
porto murtinho,-57.88,-21.7,63.47,72.0,20.0,15.59
pedernales,-80.05,0.07,74.9,81.0,68.0,6.76
porto tolle,12.32,44.95,73.4,78.0,0.0,2.24
akcakoca,31.12,41.09,63.74,84.0,0.0,2.17
awjilah,21.3,29.14,77.78,30.0,0.0,2.73
sembakung,117.25,3.82,77.42,96.0,80.0,2.73
chapais,-74.86,49.78,73.4,83.0,90.0,4.7
tommot,126.27,58.97,54.02,86.0,80.0,2.39
bahir dar,37.39,11.59,52.04,93.0,32.0,2.84
la joya,-97.03,19.61,79.31,36.0,0.0,2.17
moose factory,-80.61,51.26,64.4,82.0,90.0,3.36
yashalta,42.27,46.34,68.06,89.0,32.0,2.84
zhaotong,103.71,27.34,62.03,97.0,48.0,3.18
dongzhen,129.73,43.33,84.8,76.0,32.0,2.95
abonnema,6.79,4.71,75.2,100.0,40.0,5.53
paamiut,-49.67,61.99,41.42,94.0,8.0,11.23
lagoa,-8.45,37.14,66.2,68.0,0.0,4.7
haines junction,-137.51,60.75,72.74,26.0,0.0,4.29
leh,77.58,34.16,35.21,93.0,92.0,1.95
bonthe,-12.5,7.53,74.72,97.0,48.0,4.18
quilmana,-76.38,-12.95,60.41,87.0,12.0,1.95
nyurba,118.35,63.29,56.81,79.0,80.0,2.73
ponta delgada,-25.67,37.73,69.8,88.0,40.0,5.82
tongchuan,108.95,34.9,80.6,65.0,0.0,8.95
kruisfontein,24.73,-34.0,69.5,48.0,8.0,11.9
la ronge,-105.3,55.1,62.6,82.0,90.0,10.29
lorengau,147.27,-2.02,82.55,100.0,80.0,4.29
kaoma,24.8,-14.8,53.03,63.0,0.0,10.22
jacareacanga,-57.76,-6.22,78.59,80.0,0.0,2.06
nioro,-15.05,13.79,77.24,83.0,12.0,9.78
mandera,41.86,3.94,76.79,61.0,76.0,13.58
wajima,136.9,37.4,82.4,74.0,40.0,3.36
saint-joseph,6.97,43.56,75.2,77.0,0.0,4.7
taltal,-70.49,-25.41,52.58,91.0,44.0,0.6
wattegama,80.68,7.35,70.22,98.0,100.0,2.84
matagami,8.4,9.67,68.15,99.0,92.0,3.4
labuhan,115.51,-2.54,75.35,88.0,88.0,3.18
abu dhabi,54.37,24.47,93.2,52.0,0.0,5.82
ayagoz,80.43,47.96,42.86,89.0,0.0,4.07
tazovskiy,78.7,67.47,54.47,37.0,8.0,6.08
evanston,-87.69,42.04,75.2,83.0,90.0,4.7
tabuk,121.44,17.41,70.49,95.0,92.0,2.28
yinchuan,106.21,38.48,63.74,97.0,20.0,3.96
mizdah,12.98,31.45,89.39,23.0,80.0,11.45
klaksvik,-6.59,62.23,50.0,93.0,92.0,11.41
nizwa,57.53,22.93,82.55,46.0,76.0,4.63
goleta,-119.83,34.44,80.6,47.0,1.0,11.41
douentza,-2.95,15.01,79.04,76.0,0.0,3.29
rusape,32.12,-18.53,48.44,99.0,100.0,2.73
esperance,-61.45,10.24,80.6,83.0,40.0,6.93
aswan,32.9,24.09,89.6,25.0,0.0,6.93
guangshui,113.82,31.62,83.36,83.0,32.0,3.18
bethel,-161.76,60.79,66.2,59.0,90.0,9.17
merauke,140.4,-8.49,80.57,77.0,0.0,15.7
slave lake,-114.77,55.28,64.4,45.0,1.0,9.17
vestmannaeyjar,-20.27,63.44,48.8,100.0,80.0,5.19
nefteyugansk,72.61,61.09,66.2,72.0,0.0,8.95
walvis bay,14.51,-22.95,61.76,92.0,0.0,3.62
havelock,-76.9,34.88,82.4,78.0,40.0,14.99
coahuayana,-100.35,18.62,86.87,41.0,36.0,2.39
salalah,54.1,17.01,78.8,88.0,75.0,5.82
corlu,47.73,40.93,64.82,75.0,0.0,2.17
nioki,17.69,-2.72,77.33,51.0,8.0,4.63
novaya igirma,103.93,57.14,54.02,78.0,0.0,5.64
katherine,132.26,-14.47,77.0,29.0,0.0,3.36
quatre cocos,57.76,-20.21,71.6,60.0,75.0,19.46
mazagao,-51.29,-0.12,82.4,94.0,75.0,11.41
virginia beach,-75.98,36.85,80.6,78.0,75.0,11.41
tucurui,-49.67,-3.77,89.75,40.0,92.0,3.62
maniitsoq,-52.9,65.42,43.31,87.0,100.0,7.76
korhogo,-5.63,9.46,77.06,83.0,24.0,2.51
hobyo,48.53,5.35,75.53,77.0,0.0,22.19
karasjok,25.52,69.47,55.4,87.0,92.0,2.24
ipubi,-40.15,-7.65,74.09,59.0,0.0,14.58
zhangye,100.46,38.94,65.0,62.0,0.0,7.76
okhotsk,143.24,59.36,59.78,86.0,64.0,3.06
praia,-43.81,-20.25,64.4,63.0,0.0,5.82
rovaniemi,25.72,66.5,64.4,100.0,90.0,5.82
camalu,-116.07,30.85,86.78,44.0,0.0,6.87
agadez,7.99,16.97,81.65,35.0,12.0,7.87
komsomolskiy,63.78,67.55,66.17,62.0,0.0,3.74
ayia galini,24.68,35.1,80.6,65.0,20.0,3.36
ust-tsilma,52.15,65.44,61.76,61.0,0.0,5.3
akhmim,31.74,26.56,73.64,53.0,0.0,3.06
mitsamiouli,43.28,-11.38,77.6,92.0,0.0,14.14
yumen,97.04,40.29,65.9,30.0,0.0,4.63
los alamos,-106.3,35.88,75.2,36.0,40.0,4.7
erzin,36.2,36.95,80.6,74.0,0.0,16.11
ganzhou,114.93,25.86,82.19,85.0,8.0,3.96
avera,-82.53,33.19,80.6,78.0,40.0,8.05
tateyama,137.31,36.66,87.8,66.0,40.0,4.7
harrisonburg,-78.87,38.45,78.8,78.0,1.0,2.39
valparaiso,-87.06,41.47,75.2,73.0,40.0,5.82
cascais,-9.42,38.7,64.4,88.0,40.0,4.7
derzhavinsk,66.31,51.1,53.48,79.0,56.0,11.68
mapimi,-103.85,25.82,100.4,15.0,5.0,8.55
wichian buri,101.11,15.66,76.97,82.0,36.0,9.22
rundu,19.77,-17.91,53.57,57.0,0.0,8.77
vagur,-6.81,61.47,52.94,97.0,68.0,14.58
timoteo,-42.64,-19.58,66.2,88.0,0.0,1.16
madang,145.81,-5.21,79.13,88.0,80.0,3.06
picayune,-89.68,30.53,89.6,55.0,40.0,3.36
arlit,7.39,18.74,75.44,20.0,0.0,2.62
ratlam,75.04,23.33,74.0,98.0,100.0,13.47
bjornevatn,29.98,69.67,53.6,81.0,92.0,8.05
camacari,-38.32,-12.7,78.8,69.0,40.0,13.87
buchanan,-10.05,5.88,77.0,88.0,75.0,6.2
faya,42.45,18.39,66.2,72.0,0.0,3.96
charleville-mezieres,4.72,49.77,68.0,68.0,12.0,1.16
margate,147.26,-43.03,55.4,47.0,75.0,16.11
bowen,148.25,-20.01,71.6,68.0,40.0,8.05
naze,7.07,5.43,75.2,100.0,40.0,5.64
uarini,-65.16,-2.98,76.7,95.0,20.0,2.62
saiha,92.98,22.49,68.33,99.0,92.0,2.06
carballo,-8.69,43.21,64.4,93.0,12.0,2.24
lesnoy,52.13,59.78,57.53,82.0,0.0,2.39
dingle,122.67,11.0,82.01,87.0,12.0,8.99
cam ranh,109.15,11.92,83.99,78.0,8.0,7.43
maracaibo,-75.78,3.41,80.6,61.0,75.0,13.87
praesto,12.06,55.12,66.2,82.0,0.0,8.43
saint marys,-78.56,41.43,71.6,88.0,75.0,8.05
huarmey,-78.15,-10.07,63.47,79.0,8.0,3.18
kolda,-14.94,12.89,80.6,88.0,24.0,4.7
kanye,25.34,-24.98,40.07,84.0,0.0,3.18
batagay-alyta,130.41,67.8,47.09,96.0,92.0,4.52
gusau,6.66,12.17,74.72,96.0,68.0,4.63
kamiiso,140.65,41.82,71.6,83.0,20.0,6.93
nishihara,139.53,35.74,86.0,74.0,75.0,6.93
matanzas,-81.58,23.05,73.4,100.0,75.0,4.7
songjianghe,127.48,42.18,77.78,82.0,20.0,3.51
tuatapere,167.69,-46.13,42.68,100.0,8.0,11.68
sassandra,-6.09,4.95,77.6,99.0,0.0,11.9
deputatskiy,139.9,69.3,44.75,90.0,32.0,7.99
teluknaga,106.64,-6.1,82.4,74.0,40.0,3.36
launceston,147.14,-41.43,51.8,76.0,90.0,20.8
boundiali,-6.48,9.53,75.17,80.0,44.0,2.95
vetlanda,15.09,57.43,59.0,93.0,0.0,3.36
pueblo nuevo,-106.96,23.99,90.65,59.0,80.0,4.63
kommunisticheskiy,64.48,61.68,62.93,81.0,0.0,4.97
iracoubo,-53.21,5.48,79.85,79.0,76.0,7.09
mpika,31.4,-11.84,46.55,67.0,0.0,8.66
tongliao,122.27,43.61,80.93,89.0,88.0,13.58
sri aman,111.46,1.24,77.0,94.0,75.0,2.24
puerto quijarro,-57.72,-19.0,71.6,56.0,0.0,18.34
auki,6.51,12.18,74.72,96.0,68.0,4.63
sola,5.65,58.89,64.4,88.0,75.0,6.93
formosa do rio preto,-45.19,-11.04,67.61,57.0,0.0,5.64
nesna,13.02,66.2,47.18,94.0,32.0,1.61
multan,71.47,30.2,87.8,70.0,40.0,2.95
vichy,3.42,46.12,62.6,77.0,0.0,2.73
vila,8.4,45.18,73.4,73.0,0.0,8.05
muta,15.17,46.61,68.0,64.0,0.0,8.05
macon,-83.63,32.84,84.2,88.0,64.0,3.36
kudat,116.84,6.89,78.8,94.0,75.0,1.12
guadalupe y calvo,-106.96,26.09,69.23,65.0,56.0,0.72
abu samrah,37.18,35.3,74.45,53.0,0.0,9.22
anqing,117.04,30.51,86.42,87.0,0.0,4.18
cermik,39.45,38.14,71.6,37.0,0.0,5.82
san isidro,121.63,16.74,72.92,100.0,92.0,4.07
galesong,119.37,-5.32,80.6,83.0,20.0,3.36
muskogee,-95.37,35.75,91.4,45.0,1.0,11.41
ekibastuz,75.32,51.72,50.06,94.0,92.0,12.91
kitimat,-128.69,54.02,82.4,23.0,40.0,4.7
narrabri,149.78,-30.33,55.28,59.0,8.0,0.72
jinxiang,116.31,35.07,83.27,83.0,8.0,5.97
isesaki,139.19,36.31,84.2,70.0,40.0,4.7
yeppoon,150.74,-23.13,71.6,60.0,20.0,3.36
mantua,10.79,45.16,69.8,83.0,0.0,2.24
esso,158.7,55.93,54.92,81.0,48.0,2.51
dalbeattie,-3.83,54.93,60.32,99.0,100.0,5.08
wuhan,114.3,30.6,87.8,79.0,0.0,2.24
karonga,33.93,-9.94,67.97,100.0,24.0,11.45
svetlaya,138.33,46.54,62.3,92.0,44.0,4.18
batemans bay,150.18,-35.71,58.34,73.0,0.0,4.18
waipawa,176.59,-39.94,45.02,95.0,92.0,3.74
madison heights,-83.11,42.49,78.8,83.0,75.0,6.93
emba,32.42,34.81,78.8,64.0,0.0,4.7
kamenka,44.05,53.19,61.22,85.0,88.0,13.13
tromso,18.96,69.65,55.4,71.0,75.0,16.11
ginda,78.49,30.69,60.32,100.0,76.0,1.05
vetas,-72.87,7.31,69.8,100.0,40.0,3.36
black river,-77.85,18.03,84.2,70.0,20.0,2.24
impfondo,18.06,1.62,70.76,96.0,32.0,1.95
la brea,-61.62,10.24,80.6,83.0,40.0,6.93
quesnel,-122.49,52.98,71.6,43.0,1.0,12.75
zyryanka,150.89,65.73,69.05,56.0,36.0,2.95
mankera,5.07,13.01,72.65,97.0,44.0,3.96
shirokiy,39.17,53.87,63.83,98.0,92.0,12.57
noyabrsk,75.45,63.2,59.87,55.0,0.0,6.76
kieta,155.63,-6.22,79.4,100.0,88.0,2.62
maldonado,-54.96,-34.91,46.4,81.0,75.0,8.05
mega,38.32,4.06,59.33,93.0,92.0,8.88
broken hill,141.45,-31.97,55.19,60.0,0.0,9.78
rameshki,36.05,57.35,60.5,75.0,12.0,6.64
morehead,-83.43,38.18,73.4,78.0,20.0,5.82
meadow lake,-108.44,54.13,60.8,72.0,75.0,12.75
fort nelson,-122.69,58.81,71.6,35.0,90.0,3.06
mayumba,10.65,-3.44,69.23,98.0,92.0,4.63
porto novo,-45.44,-23.68,64.4,72.0,0.0,4.7
san jose de guanipa,-64.17,8.89,81.02,65.0,8.0,6.64
saint-michel-des-saints,-73.92,46.68,72.92,90.0,92.0,6.2
buraydah,43.97,26.33,86.0,28.0,0.0,11.41
north platte,-100.77,41.12,78.8,54.0,1.0,5.82
sinnamary,-52.96,5.38,80.12,97.0,68.0,13.24
ducheng,114.9,30.54,86.6,76.0,0.0,3.74
lianzhou,112.38,24.79,74.36,99.0,100.0,2.51
palmerston,-80.85,43.83,73.4,83.0,90.0,11.41
mandalgovi,106.27,45.76,59.96,91.0,92.0,7.76
miyako,130.94,33.63,89.6,62.0,20.0,9.17
shinpokh,71.18,34.33,82.4,78.0,40.0,6.93
oshnaviyeh,45.1,37.04,60.8,67.0,0.0,6.93
santiago del estero,-64.26,-27.8,44.03,38.0,0.0,7.2
hai duong,106.32,20.94,82.4,88.0,40.0,4.7
christchurch,172.64,-43.53,46.4,81.0,88.0,5.82
novochernorechenskiy,91.08,56.27,61.13,68.0,92.0,6.98
gamba,88.52,28.28,33.5,100.0,92.0,2.28
todos santos,-110.23,23.45,98.6,41.0,5.0,6.93
burnie,145.91,-41.05,54.74,95.0,88.0,18.84
jasper,-87.28,33.83,78.8,69.0,76.0,4.97
kristiansund,7.73,63.12,59.0,87.0,88.0,3.36
iralaya,-83.23,15.0,84.2,79.0,75.0,6.93
onega,38.09,63.91,66.53,77.0,76.0,4.29
pacifica,-122.49,37.61,91.4,87.0,90.0,11.41
lata,78.62,30.78,60.32,100.0,76.0,1.05
santa cruz de la palma,-17.76,28.68,71.6,78.0,12.0,17.22
belogorsk,34.59,45.06,62.3,100.0,0.0,2.51
inongo,18.29,-1.93,81.38,44.0,64.0,5.3
abnub,31.15,27.27,80.6,69.0,0.0,11.41
